{
    "domainName": {
        "display_name": "domain_name",
        "description": "Please enter your domain name",
        "type": "domain",
        "type_attributes": {
            "product": "freshdesk"
        },
        "required": true
    },
    "apiKey": {
        "display_name": "api_key",
        "description": "Please enter your api_key",
        "type": "api_key",
        "secure": true,
        "required": true,
        "type_attributes": {
            "product": "freshdesk"
        }
    }
}